CITY,DATE,TEMPERATURE
Atlanta,1961-01-01,6.3894
Atlanta,1961-01-02,1.6667999999999998
Atlanta,1961-01-03,1.1112
Atlanta,1961-01-04,3.8891999999999998
Atlanta,1961-01-05,4.4448
Atlanta,1961-01-06,6.3894
Atlanta,1961-01-07,6.667199999999999
Atlanta,1961-01-08,4.7226
Atlanta,1961-01-09,2.778
Atlanta,1961-01-10,3.6113999999999997
Atlanta,1961-01-11,6.944999999999999
Atlanta,1961-01-12,8.8896
Atlanta,1961-01-13,9.167399999999999
Atlanta,1961-01-14,8.0562
Atlanta,1961-01-15,9.167399999999999
Atlanta,1961-01-16,6.1116
Atlanta,1961-01-17,6.944999999999999
Atlanta,1961-01-18,8.334
Atlanta,1961-01-19,5.2782
Atlanta,1961-01-20,-0.5556
Atlanta,1961-01-21,-4.4448
Atlanta,1961-01-22,-4.4448
Atlanta,1961-01-23,6.3894
Atlanta,1961-01-24,6.3894
Atlanta,1961-01-25,-1.6667999999999998
Atlanta,1961-01-26,-1.9445999999999999
Atlanta,1961-01-27,-3.3335999999999997
Atlanta,1961-01-28,-4.7226
Atlanta,1961-01-29,0.8333999999999999
Atlanta,1961-01-30,3.3335999999999997
Atlanta,1961-01-31,5.556
Atlanta,1961-02-01,8.334
Atlanta,1961-02-02,5.2782
Atlanta,1961-02-03,-0.5556
Atlanta,1961-02-04,1.6667999999999998
Atlanta,1961-02-05,3.6113999999999997
Atlanta,1961-02-06,1.9445999999999999
Atlanta,1961-02-07,1.6667999999999998
Atlanta,1961-02-08,2.5002
Atlanta,1961-02-09,3.8891999999999998
Atlanta,1961-02-10,4.7226
Atlanta,1961-02-11,8.334
Atlanta,1961-02-12,14.1678
Atlanta,1961-02-13,13.6122
Atlanta,1961-02-14,16.1124
Atlanta,1961-02-15,17.2236
Atlanta,1961-02-16,16.1124
Atlanta,1961-02-17,15.001199999999999
Atlanta,1961-02-18,14.1678
Atlanta,1961-02-19,13.889999999999999
Atlanta,1961-02-20,13.889999999999999
Atlanta,1961-02-21,8.334
Atlanta,1961-02-22,11.112
Atlanta,1961-02-23,16.9458
Atlanta,1961-02-24,13.0566
Atlanta,1961-02-25,10.0008
Atlanta,1961-02-26,9.167399999999999
Atlanta,1961-02-27,11.6676
Atlanta,1961-02-28,15.8346
Atlanta,1961-03-01,9.722999999999999
Atlanta,1961-03-02,8.6118
Atlanta,1961-03-03,12.2232
Atlanta,1961-03-04,18.6126
Atlanta,1961-03-05,19.7238
Atlanta,1961-03-06,18.6126
Atlanta,1961-03-07,21.3906
Atlanta,1961-03-08,13.334399999999999
Atlanta,1961-03-09,4.4448
Atlanta,1961-03-10,7.222799999999999
Atlanta,1961-03-11,9.722999999999999
Atlanta,1961-03-12,14.1678
Atlanta,1961-03-13,12.7788
Atlanta,1961-03-14,11.3898
Atlanta,1961-03-15,12.501
Atlanta,1961-03-16,14.1678
Atlanta,1961-03-17,11.112
Atlanta,1961-03-18,6.3894
Atlanta,1961-03-19,10.5564
Atlanta,1961-03-20,11.9454
Atlanta,1961-03-21,10.278599999999999
Atlanta,1961-03-22,10.8342
Atlanta,1961-03-23,11.112
Atlanta,1961-03-24,7.222799999999999
Atlanta,1961-03-25,10.5564
Atlanta,1961-03-26,14.7234
Atlanta,1961-03-27,15.001199999999999
Atlanta,1961-03-28,15.8346
Atlanta,1961-03-29,16.3902
Atlanta,1961-03-30,14.1678
Atlanta,1961-03-31,15.279
Atlanta,1961-04-01,9.4452
Atlanta,1961-04-02,10.0008
Atlanta,1961-04-03,9.4452
Atlanta,1961-04-04,8.334
Atlanta,1961-04-05,13.0566
Atlanta,1961-04-06,11.6676
Atlanta,1961-04-07,10.0008
Atlanta,1961-04-08,9.167399999999999
Atlanta,1961-04-09,13.334399999999999
Atlanta,1961-04-10,8.334
Atlanta,1961-04-11,10.278599999999999
Atlanta,1961-04-12,14.1678
Atlanta,1961-04-13,11.3898
Atlanta,1961-04-14,12.7788
Atlanta,1961-04-15,16.3902
Atlanta,1961-04-16,9.167399999999999
Atlanta,1961-04-17,11.3898
Atlanta,1961-04-18,10.5564
Atlanta,1961-04-19,12.501
Atlanta,1961-04-20,14.445599999999999
Atlanta,1961-04-21,15.8346
Atlanta,1961-04-22,19.1682
Atlanta,1961-04-23,20.835
Atlanta,1961-04-24,21.3906
Atlanta,1961-04-25,21.6684
Atlanta,1961-04-26,21.1128
Atlanta,1961-04-27,14.445599999999999
Atlanta,1961-04-28,17.2236
Atlanta,1961-04-29,12.501
Atlanta,1961-04-30,15.8346
Atlanta,1961-05-01,16.3902
Atlanta,1961-05-02,14.445599999999999
Atlanta,1961-05-03,15.001199999999999
Atlanta,1961-05-04,17.7792
Atlanta,1961-05-05,17.5014
Atlanta,1961-05-06,19.7238
Atlanta,1961-05-07,22.7796
Atlanta,1961-05-08,21.3906
Atlanta,1961-05-09,16.3902
Atlanta,1961-05-10,13.889999999999999
Atlanta,1961-05-11,14.445599999999999
Atlanta,1961-05-12,16.1124
Atlanta,1961-05-13,18.6126
Atlanta,1961-05-14,21.6684
Atlanta,1961-05-15,22.224
Atlanta,1961-05-16,19.1682
Atlanta,1961-05-17,19.445999999999998
Atlanta,1961-05-18,20.2794
Atlanta,1961-05-19,21.9462
Atlanta,1961-05-20,21.6684
Atlanta,1961-05-21,22.7796
Atlanta,1961-05-22,20.2794
Atlanta,1961-05-23,16.9458
Atlanta,1961-05-24,17.5014
Atlanta,1961-05-25,19.7238
Atlanta,1961-05-26,15.8346
Atlanta,1961-05-27,11.6676
Atlanta,1961-05-28,14.445599999999999
Atlanta,1961-05-29,19.1682
Atlanta,1961-05-30,20.557199999999998
Atlanta,1961-05-31,21.1128
Atlanta,1961-06-01,23.613
Atlanta,1961-06-02,23.057399999999998
Atlanta,1961-06-03,23.613
Atlanta,1961-06-04,24.168599999999998
Atlanta,1961-06-05,25.279799999999998
Atlanta,1961-06-06,24.168599999999998
Atlanta,1961-06-07,23.613
Atlanta,1961-06-08,25.002
Atlanta,1961-06-09,23.8908
Atlanta,1961-06-10,25.279799999999998
Atlanta,1961-06-11,25.279799999999998
Atlanta,1961-06-12,25.279799999999998
Atlanta,1961-06-13,25.279799999999998
Atlanta,1961-06-14,25.279799999999998
Atlanta,1961-06-15,24.4464
Atlanta,1961-06-16,17.5014
Atlanta,1961-06-17,15.8346
Atlanta,1961-06-18,19.1682
Atlanta,1961-06-19,20.0016
Atlanta,1961-06-20,18.6126
Atlanta,1961-06-21,22.224
Atlanta,1961-06-22,22.224
Atlanta,1961-06-23,21.9462
Atlanta,1961-06-24,22.5018
Atlanta,1961-06-25,21.6684
Atlanta,1961-06-26,19.7238
Atlanta,1961-06-27,21.6684
Atlanta,1961-06-28,21.6684
Atlanta,1961-06-29,23.057399999999998
Atlanta,1961-06-30,23.3352
Atlanta,1961-07-01,24.7242
Atlanta,1961-07-02,24.4464
Atlanta,1961-07-03,24.4464
Atlanta,1961-07-04,23.613
Atlanta,1961-07-05,23.8908
Atlanta,1961-07-06,25.279799999999998
Atlanta,1961-07-07,24.7242
Atlanta,1961-07-08,24.168599999999998
Atlanta,1961-07-09,23.8908
Atlanta,1961-07-10,22.224
Atlanta,1961-07-11,19.7238
Atlanta,1961-07-12,22.5018
Atlanta,1961-07-13,23.3352
Atlanta,1961-07-14,23.613
Atlanta,1961-07-15,25.002
Atlanta,1961-07-16,25.002
Atlanta,1961-07-17,24.7242
Atlanta,1961-07-18,23.3352
Atlanta,1961-07-19,24.7242
Atlanta,1961-07-20,24.7242
Atlanta,1961-07-21,24.7242
Atlanta,1961-07-22,25.8354
Atlanta,1961-07-23,25.5576
Atlanta,1961-07-24,25.279799999999998
Atlanta,1961-07-25,25.5576
Atlanta,1961-07-26,25.8354
Atlanta,1961-07-27,25.5576
Atlanta,1961-07-28,26.391
Atlanta,1961-07-29,26.1132
Atlanta,1961-07-30,26.9466
Atlanta,1961-07-31,27.2244
Atlanta,1961-08-01,27.2244
Atlanta,1961-08-02,27.5022
Atlanta,1961-08-03,27.5022
Atlanta,1961-08-04,25.8354
Atlanta,1961-08-05,24.7242
Atlanta,1961-08-06,21.9462
Atlanta,1961-08-07,22.7796
Atlanta,1961-08-08,24.168599999999998
Atlanta,1961-08-09,23.8908
Atlanta,1961-08-10,25.279799999999998
Atlanta,1961-08-11,26.1132
Atlanta,1961-08-12,26.9466
Atlanta,1961-08-13,25.8354
Atlanta,1961-08-14,23.8908
Atlanta,1961-08-15,21.6684
Atlanta,1961-08-16,22.7796
Atlanta,1961-08-17,23.8908
Atlanta,1961-08-18,23.3352
Atlanta,1961-08-19,23.3352
Atlanta,1961-08-20,23.057399999999998
Atlanta,1961-08-21,22.7796
Atlanta,1961-08-22,21.9462
Atlanta,1961-08-23,21.9462
Atlanta,1961-08-24,20.0016
Atlanta,1961-08-25,21.6684
Atlanta,1961-08-26,24.168599999999998
Atlanta,1961-08-27,24.4464
Atlanta,1961-08-28,25.002
Atlanta,1961-08-29,26.391
Atlanta,1961-08-30,25.5576
Atlanta,1961-08-31,24.7242
Atlanta,1961-09-01,25.5576
Atlanta,1961-09-02,24.7242
Atlanta,1961-09-03,25.8354
Atlanta,1961-09-04,26.391
Atlanta,1961-09-05,25.8354
Atlanta,1961-09-06,24.7242
Atlanta,1961-09-07,25.5576
Atlanta,1961-09-08,24.4464
Atlanta,1961-09-09,24.4464
Atlanta,1961-09-10,24.168599999999998
Atlanta,1961-09-11,24.4464
Atlanta,1961-09-12,24.7242
Atlanta,1961-09-13,24.168599999999998
Atlanta,1961-09-14,21.1128
Atlanta,1961-09-15,17.2236
Atlanta,1961-09-16,15.8346
Atlanta,1961-09-17,16.1124
Atlanta,1961-09-18,17.2236
Atlanta,1961-09-19,18.334799999999998
Atlanta,1961-09-20,21.3906
Atlanta,1961-09-21,21.1128
Atlanta,1961-09-22,24.168599999999998
Atlanta,1961-09-23,25.5576
Atlanta,1961-09-24,25.5576
Atlanta,1961-09-25,25.5576
Atlanta,1961-09-26,23.613
Atlanta,1961-09-27,23.057399999999998
Atlanta,1961-09-28,21.3906
Atlanta,1961-09-29,20.2794
Atlanta,1961-09-30,20.835
Atlanta,1961-10-01,20.557199999999998
Atlanta,1961-10-02,21.3906
Atlanta,1961-10-03,13.889999999999999
Atlanta,1961-10-04,14.445599999999999
Atlanta,1961-10-05,14.445599999999999
Atlanta,1961-10-06,14.7234
Atlanta,1961-10-07,14.7234
Atlanta,1961-10-08,16.9458
Atlanta,1961-10-09,18.6126
Atlanta,1961-10-10,20.0016
Atlanta,1961-10-11,19.7238
Atlanta,1961-10-12,20.557199999999998
Atlanta,1961-10-13,19.445999999999998
Atlanta,1961-10-14,15.279
Atlanta,1961-10-15,11.112
Atlanta,1961-10-16,14.7234
Atlanta,1961-10-17,17.5014
Atlanta,1961-10-18,17.5014
Atlanta,1961-10-19,16.1124
Atlanta,1961-10-20,6.1116
Atlanta,1961-10-21,14.445599999999999
Atlanta,1961-10-22,14.445599999999999
Atlanta,1961-10-23,15.556799999999999
Atlanta,1961-10-24,15.8346
Atlanta,1961-10-25,18.6126
Atlanta,1961-10-26,12.501
Atlanta,1961-10-27,10.0008
Atlanta,1961-10-28,10.5564
Atlanta,1961-10-29,18.6126
Atlanta,1961-10-30,20.557199999999998
Atlanta,1961-10-31,22.5018
Atlanta,1961-11-01,21.9462
Atlanta,1961-11-02,21.9462
Atlanta,1961-11-03,21.3906
Atlanta,1961-11-04,18.8904
Atlanta,1961-11-05,20.835
Atlanta,1961-11-06,18.057
Atlanta,1961-11-07,15.279
Atlanta,1961-11-08,8.334
Atlanta,1961-11-09,6.944999999999999
Atlanta,1961-11-10,12.2232
Atlanta,1961-11-11,15.556799999999999
Atlanta,1961-11-12,18.057
Atlanta,1961-11-13,17.2236
Atlanta,1961-11-14,18.6126
Atlanta,1961-11-15,18.8904
Atlanta,1961-11-16,16.1124
Atlanta,1961-11-17,9.722999999999999
Atlanta,1961-11-18,7.5005999999999995
Atlanta,1961-11-19,8.0562
Atlanta,1961-11-20,6.3894
Atlanta,1961-11-21,4.167
Atlanta,1961-11-22,6.667199999999999
Atlanta,1961-11-23,13.6122
Atlanta,1961-11-24,10.5564
Atlanta,1961-11-25,10.0008
Atlanta,1961-11-26,10.278599999999999
Atlanta,1961-11-27,14.445599999999999
Atlanta,1961-11-28,6.3894
Atlanta,1961-11-29,4.167
Atlanta,1961-11-30,6.1116
Atlanta,1961-12-01,8.0562
Atlanta,1961-12-02,12.7788
Atlanta,1961-12-03,15.279
Atlanta,1961-12-04,15.279
Atlanta,1961-12-05,11.6676
Atlanta,1961-12-06,8.6118
Atlanta,1961-12-07,7.5005999999999995
Atlanta,1961-12-08,6.667199999999999
Atlanta,1961-12-09,6.1116
Atlanta,1961-12-10,9.167399999999999
Atlanta,1961-12-11,14.7234
Atlanta,1961-12-12,13.334399999999999
Atlanta,1961-12-13,3.8891999999999998
Atlanta,1961-12-14,1.6667999999999998
Atlanta,1961-12-15,7.222799999999999
Atlanta,1961-12-16,5.2782
Atlanta,1961-12-17,5.2782
Atlanta,1961-12-18,12.7788
Atlanta,1961-12-19,10.5564
Atlanta,1961-12-20,2.778
Atlanta,1961-12-21,4.167
Atlanta,1961-12-22,5.2782
Atlanta,1961-12-23,4.167
Atlanta,1961-12-24,-0.5556
Atlanta,1961-12-25,0.2778
Atlanta,1961-12-26,3.0558
Atlanta,1961-12-27,6.944999999999999
Atlanta,1961-12-28,-0.5556
Atlanta,1961-12-29,-3.6113999999999997
Atlanta,1961-12-30,-1.389
Atlanta,1961-12-31,1.6667999999999998
Atlanta,1962-01-01,1.9445999999999999
Atlanta,1962-01-02,0.2778
Atlanta,1962-01-03,5.2782
Atlanta,1962-01-04,8.334
Atlanta,1962-01-05,9.167399999999999
Atlanta,1962-01-06,8.6118
Atlanta,1962-01-07,1.6667999999999998
Atlanta,1962-01-08,1.6667999999999998
Atlanta,1962-01-09,0.2778
Atlanta,1962-01-10,-8.6118
Atlanta,1962-01-11,-7.222799999999999
Atlanta,1962-01-12,-5.2782
Atlanta,1962-01-13,-2.2224
Atlanta,1962-01-14,2.2224
Atlanta,1962-01-15,6.944999999999999
Atlanta,1962-01-16,3.8891999999999998
Atlanta,1962-01-17,4.167
Atlanta,1962-01-18,1.1112
Atlanta,1962-01-19,0.2778
Atlanta,1962-01-20,5.8338
Atlanta,1962-01-21,2.2224
Atlanta,1962-01-22,8.0562
Atlanta,1962-01-23,13.0566
Atlanta,1962-01-24,13.6122
Atlanta,1962-01-25,16.668
Atlanta,1962-01-26,16.3902
Atlanta,1962-01-27,14.1678
Atlanta,1962-01-28,8.0562
Atlanta,1962-01-29,6.667199999999999
Atlanta,1962-01-30,10.8342
Atlanta,1962-01-31,6.1116
Atlanta,1962-02-01,10.8342
Atlanta,1962-02-02,11.9454
Atlanta,1962-02-03,13.0566
Atlanta,1962-02-04,13.0566
Atlanta,1962-02-05,11.9454
Atlanta,1962-02-06,-0.2778
Atlanta,1962-02-07,-0.5556
Atlanta,1962-02-08,1.1112
Atlanta,1962-02-09,13.6122
Atlanta,1962-02-10,5.556
Atlanta,1962-02-11,3.6113999999999997
Atlanta,1962-02-12,11.3898
Atlanta,1962-02-13,12.501
Atlanta,1962-02-14,14.1678
Atlanta,1962-02-15,13.0566
Atlanta,1962-02-16,8.334
Atlanta,1962-02-17,8.334
Atlanta,1962-02-18,8.8896
Atlanta,1962-02-19,13.889999999999999
Atlanta,1962-02-20,8.334
Atlanta,1962-02-21,6.3894
Atlanta,1962-02-22,12.2232
Atlanta,1962-02-23,17.2236
Atlanta,1962-02-24,13.6122
Atlanta,1962-02-25,6.944999999999999
Atlanta,1962-02-26,9.4452
Atlanta,1962-02-27,17.5014
Atlanta,1962-02-28,15.001199999999999
Atlanta,1962-03-01,8.0562
Atlanta,1962-03-02,3.6113999999999997
Atlanta,1962-03-03,1.1112
Atlanta,1962-03-04,4.167
Atlanta,1962-03-05,1.9445999999999999
Atlanta,1962-03-06,-0.2778
Atlanta,1962-03-07,5.2782
Atlanta,1962-03-08,4.7226
Atlanta,1962-03-09,6.944999999999999
Atlanta,1962-03-10,9.4452
Atlanta,1962-03-11,7.222799999999999
Atlanta,1962-03-12,11.112
Atlanta,1962-03-13,8.334
Atlanta,1962-03-14,5.8338
Atlanta,1962-03-15,9.4452
Atlanta,1962-03-16,7.5005999999999995
Atlanta,1962-03-17,5.0004
Atlanta,1962-03-18,7.222799999999999
Atlanta,1962-03-19,11.3898
Atlanta,1962-03-20,11.112
Atlanta,1962-03-21,15.556799999999999
Atlanta,1962-03-22,8.8896
Atlanta,1962-03-23,12.2232
Atlanta,1962-03-24,13.6122
Atlanta,1962-03-25,10.0008
Atlanta,1962-03-26,11.3898
Atlanta,1962-03-27,12.501
Atlanta,1962-03-28,12.7788
Atlanta,1962-03-29,14.445599999999999
Atlanta,1962-03-30,16.3902
Atlanta,1962-03-31,15.279
Atlanta,1962-04-01,10.278599999999999
Atlanta,1962-04-02,6.667199999999999
Atlanta,1962-04-03,7.7783999999999995
Atlanta,1962-04-04,9.4452
Atlanta,1962-04-05,9.722999999999999
Atlanta,1962-04-06,12.7788
Atlanta,1962-04-07,16.668
Atlanta,1962-04-08,15.8346
Atlanta,1962-04-09,17.5014
Atlanta,1962-04-10,18.6126
Atlanta,1962-04-11,18.057
Atlanta,1962-04-12,15.001199999999999
Atlanta,1962-04-13,9.722999999999999
Atlanta,1962-04-14,9.167399999999999
Atlanta,1962-04-15,9.167399999999999
Atlanta,1962-04-16,6.667199999999999
Atlanta,1962-04-17,8.334
Atlanta,1962-04-18,12.501
Atlanta,1962-04-19,16.668
Atlanta,1962-04-20,11.9454
Atlanta,1962-04-21,11.9454
Atlanta,1962-04-22,15.279
Atlanta,1962-04-23,19.7238
Atlanta,1962-04-24,18.6126
Atlanta,1962-04-25,18.8904
Atlanta,1962-04-26,19.1682
Atlanta,1962-04-27,18.6126
Atlanta,1962-04-28,19.445999999999998
Atlanta,1962-04-29,20.2794
Atlanta,1962-04-30,22.7796
Atlanta,1962-05-01,23.057399999999998
Atlanta,1962-05-02,17.2236
Atlanta,1962-05-03,16.9458
Atlanta,1962-05-04,19.1682
Atlanta,1962-05-05,18.6126
Atlanta,1962-05-06,20.0016
Atlanta,1962-05-07,21.9462
Atlanta,1962-05-08,22.7796
Atlanta,1962-05-09,23.057399999999998
Atlanta,1962-05-10,20.835
Atlanta,1962-05-11,23.057399999999998
Atlanta,1962-05-12,24.168599999999998
Atlanta,1962-05-13,22.7796
Atlanta,1962-05-14,23.057399999999998
Atlanta,1962-05-15,24.4464
Atlanta,1962-05-16,25.8354
Atlanta,1962-05-17,23.8908
Atlanta,1962-05-18,25.5576
Atlanta,1962-05-19,26.668799999999997
Atlanta,1962-05-20,26.668799999999997
Atlanta,1962-05-21,25.8354
Atlanta,1962-05-22,25.002
Atlanta,1962-05-23,24.7242
Atlanta,1962-05-24,24.4464
Atlanta,1962-05-25,25.002
Atlanta,1962-05-26,25.5576
Atlanta,1962-05-27,25.8354
Atlanta,1962-05-28,26.668799999999997
Atlanta,1962-05-29,24.168599999999998
Atlanta,1962-05-30,24.168599999999998
Atlanta,1962-05-31,23.613
Atlanta,1962-06-01,23.613
Atlanta,1962-06-02,23.613
Atlanta,1962-06-03,23.613
Atlanta,1962-06-04,25.5576
Atlanta,1962-06-05,23.8908
Atlanta,1962-06-06,24.7242
Atlanta,1962-06-07,24.168599999999998
Atlanta,1962-06-08,23.3352
Atlanta,1962-06-09,23.3352
Atlanta,1962-06-10,23.613
Atlanta,1962-06-11,24.7242
Atlanta,1962-06-12,25.002
Atlanta,1962-06-13,24.4464
Atlanta,1962-06-14,22.224
Atlanta,1962-06-15,21.6684
Atlanta,1962-06-16,24.168599999999998
Atlanta,1962-06-17,24.7242
Atlanta,1962-06-18,26.1132
Atlanta,1962-06-19,26.1132
Atlanta,1962-06-20,21.9462
Atlanta,1962-06-21,24.168599999999998
Atlanta,1962-06-22,25.002
Atlanta,1962-06-23,25.8354
Atlanta,1962-06-24,26.9466
Atlanta,1962-06-25,25.8354
Atlanta,1962-06-26,26.668799999999997
Atlanta,1962-06-27,24.168599999999998
Atlanta,1962-06-28,20.835
Atlanta,1962-06-29,22.5018
Atlanta,1962-06-30,22.7796
Atlanta,1962-07-01,24.4464
Atlanta,1962-07-02,25.8354
Atlanta,1962-07-03,25.279799999999998
Atlanta,1962-07-04,26.668799999999997
Atlanta,1962-07-05,25.002
Atlanta,1962-07-06,22.7796
Atlanta,1962-07-07,25.5576
Atlanta,1962-07-08,26.391
Atlanta,1962-07-09,25.8354
Atlanta,1962-07-10,24.7242
Atlanta,1962-07-11,26.9466
Atlanta,1962-07-12,26.391
Atlanta,1962-07-13,27.2244
Atlanta,1962-07-14,27.779999999999998
Atlanta,1962-07-15,27.779999999999998
Atlanta,1962-07-16,27.779999999999998
Atlanta,1962-07-17,27.5022
Atlanta,1962-07-18,26.9466
Atlanta,1962-07-19,25.8354
Atlanta,1962-07-20,26.668799999999997
Atlanta,1962-07-21,26.9466
Atlanta,1962-07-22,26.668799999999997
Atlanta,1962-07-23,27.2244
Atlanta,1962-07-24,27.2244
Atlanta,1962-07-25,25.002
Atlanta,1962-07-26,25.5576
Atlanta,1962-07-27,22.5018
Atlanta,1962-07-28,21.6684
Atlanta,1962-07-29,24.168599999999998
Atlanta,1962-07-30,26.1132
Atlanta,1962-07-31,25.002
Atlanta,1962-08-01,25.279799999999998
Atlanta,1962-08-02,25.8354
Atlanta,1962-08-03,25.5576
Atlanta,1962-08-04,25.5576
Atlanta,1962-08-05,26.668799999999997
Atlanta,1962-08-06,26.391
Atlanta,1962-08-07,25.002
Atlanta,1962-08-08,25.002
Atlanta,1962-08-09,25.8354
Atlanta,1962-08-10,23.613
Atlanta,1962-08-11,23.057399999999998
Atlanta,1962-08-12,22.224
Atlanta,1962-08-13,24.168599999999998
Atlanta,1962-08-14,22.5018
Atlanta,1962-08-15,23.057399999999998
Atlanta,1962-08-16,23.8908
Atlanta,1962-08-17,24.7242
Atlanta,1962-08-18,24.4464
Atlanta,1962-08-19,25.002
Atlanta,1962-08-20,25.002
Atlanta,1962-08-21,25.279799999999998
Atlanta,1962-08-22,24.4464
Atlanta,1962-08-23,25.279799999999998
Atlanta,1962-08-24,24.4464
Atlanta,1962-08-25,23.613
Atlanta,1962-08-26,24.7242
Atlanta,1962-08-27,25.8354
Atlanta,1962-08-28,26.391
Atlanta,1962-08-29,25.002
Atlanta,1962-08-30,25.279799999999998
Atlanta,1962-08-31,24.7242
Atlanta,1962-09-01,24.7242
Atlanta,1962-09-02,25.002
Atlanta,1962-09-03,26.391
Atlanta,1962-09-04,26.391
Atlanta,1962-09-05,26.9466
Atlanta,1962-09-06,24.7242
Atlanta,1962-09-07,17.7792
Atlanta,1962-09-08,18.334799999999998
Atlanta,1962-09-09,23.3352
Atlanta,1962-09-10,24.7242
Atlanta,1962-09-11,26.391
Atlanta,1962-09-12,26.1132
Atlanta,1962-09-13,25.279799999999998
Atlanta,1962-09-14,24.168599999999998
Atlanta,1962-09-15,23.8908
Atlanta,1962-09-16,24.4464
Atlanta,1962-09-17,24.4464
Atlanta,1962-09-18,21.1128
Atlanta,1962-09-19,18.6126
Atlanta,1962-09-20,19.1682
Atlanta,1962-09-21,15.001199999999999
Atlanta,1962-09-22,16.9458
Atlanta,1962-09-23,18.8904
Atlanta,1962-09-24,17.5014
Atlanta,1962-09-25,17.7792
Atlanta,1962-09-26,17.7792
Atlanta,1962-09-27,15.556799999999999
Atlanta,1962-09-28,12.7788
Atlanta,1962-09-29,13.0566
Atlanta,1962-09-30,16.1124
Atlanta,1962-10-01,18.057
Atlanta,1962-10-02,18.334799999999998
Atlanta,1962-10-03,20.0016
Atlanta,1962-10-04,20.0016
Atlanta,1962-10-05,18.8904
Atlanta,1962-10-06,20.835
Atlanta,1962-10-07,22.7796
Atlanta,1962-10-08,22.5018
Atlanta,1962-10-09,20.557199999999998
Atlanta,1962-10-10,19.7238
Atlanta,1962-10-11,19.445999999999998
Atlanta,1962-10-12,20.2794
Atlanta,1962-10-13,20.2794
Atlanta,1962-10-14,20.2794
Atlanta,1962-10-15,20.557199999999998
Atlanta,1962-10-16,21.1128
Atlanta,1962-10-17,21.1128
Atlanta,1962-10-18,19.445999999999998
Atlanta,1962-10-19,17.7792
Atlanta,1962-10-20,17.7792
Atlanta,1962-10-21,19.445999999999998
Atlanta,1962-10-22,15.8346
Atlanta,1962-10-23,14.1678
Atlanta,1962-10-24,7.222799999999999
Atlanta,1962-10-25,7.7783999999999995
Atlanta,1962-10-26,5.8338
Atlanta,1962-10-27,7.7783999999999995
Atlanta,1962-10-28,11.6676
Atlanta,1962-10-29,13.334399999999999
Atlanta,1962-10-30,15.001199999999999
Atlanta,1962-10-31,11.3898
Atlanta,1962-11-01,8.0562
Atlanta,1962-11-02,8.0562
Atlanta,1962-11-03,9.722999999999999
Atlanta,1962-11-04,8.334
Atlanta,1962-11-05,5.0004
Atlanta,1962-11-06,5.8338
Atlanta,1962-11-07,8.334
Atlanta,1962-11-08,11.6676
Atlanta,1962-11-09,8.8896
Atlanta,1962-11-10,9.722999999999999
Atlanta,1962-11-11,10.278599999999999
Atlanta,1962-11-12,9.722999999999999
Atlanta,1962-11-13,8.8896
Atlanta,1962-11-14,8.0562
Atlanta,1962-11-15,10.278599999999999
Atlanta,1962-11-16,12.501
Atlanta,1962-11-17,16.9458
Atlanta,1962-11-18,10.8342
Atlanta,1962-11-19,8.0562
Atlanta,1962-11-20,8.334
Atlanta,1962-11-21,11.6676
Atlanta,1962-11-22,6.944999999999999
Atlanta,1962-11-23,7.5005999999999995
Atlanta,1962-11-24,8.8896
Atlanta,1962-11-25,8.8896
Atlanta,1962-11-26,5.0004
Atlanta,1962-11-27,10.5564
Atlanta,1962-11-28,7.7783999999999995
Atlanta,1962-11-29,13.889999999999999
Atlanta,1962-11-30,15.279
Atlanta,1962-12-01,15.001199999999999
Atlanta,1962-12-02,11.3898
Atlanta,1962-12-03,11.6676
Atlanta,1962-12-04,12.501
Atlanta,1962-12-05,5.2782
Atlanta,1962-12-06,-1.6667999999999998
Atlanta,1962-12-07,2.2224
Atlanta,1962-12-08,3.8891999999999998
Atlanta,1962-12-09,0.2778
Atlanta,1962-12-10,-1.9445999999999999
Atlanta,1962-12-11,-3.3335999999999997
Atlanta,1962-12-12,-12.2232
Atlanta,1962-12-13,-9.4452
Atlanta,1962-12-14,-1.1112
Atlanta,1962-12-15,2.2224
Atlanta,1962-12-16,6.3894
Atlanta,1962-12-17,8.0562
Atlanta,1962-12-18,11.9454
Atlanta,1962-12-19,11.3898
Atlanta,1962-12-20,14.1678
Atlanta,1962-12-21,6.667199999999999
Atlanta,1962-12-22,6.667199999999999
Atlanta,1962-12-23,5.0004
Atlanta,1962-12-24,1.9445999999999999
Atlanta,1962-12-25,0.5556
Atlanta,1962-12-26,6.1116
Atlanta,1962-12-27,5.2782
Atlanta,1962-12-28,8.334
Atlanta,1962-12-29,9.4452
Atlanta,1962-12-30,3.3335999999999997
Atlanta,1962-12-31,3.0558
Atlanta,1963-01-01,2.778
Atlanta,1963-01-02,3.3335999999999997
Atlanta,1963-01-03,5.8338
Atlanta,1963-01-04,5.556
Atlanta,1963-01-05,6.667199999999999
Atlanta,1963-01-06,5.556
Atlanta,1963-01-07,5.556
Atlanta,1963-01-08,2.5002
Atlanta,1963-01-09,6.944999999999999
Atlanta,1963-01-10,11.3898
Atlanta,1963-01-11,13.889999999999999
Atlanta,1963-01-12,13.334399999999999
Atlanta,1963-01-13,1.1112
Atlanta,1963-01-14,-5.8338
Atlanta,1963-01-15,-0.5556
Atlanta,1963-01-16,1.9445999999999999
Atlanta,1963-01-17,1.1112
Atlanta,1963-01-18,5.0004
Atlanta,1963-01-19,7.7783999999999995
Atlanta,1963-01-20,6.944999999999999
Atlanta,1963-01-21,-3.0558
Atlanta,1963-01-22,2.5002
Atlanta,1963-01-23,0.0
Atlanta,1963-01-24,-12.2232
Atlanta,1963-01-25,-3.3335999999999997
Atlanta,1963-01-26,2.778
Atlanta,1963-01-27,-1.389
Atlanta,1963-01-28,-5.0004
Atlanta,1963-01-29,-2.2224
Atlanta,1963-01-30,3.8891999999999998
Atlanta,1963-01-31,6.3894
Atlanta,1963-02-01,4.167
Atlanta,1963-02-02,4.7226
Atlanta,1963-02-03,3.6113999999999997
Atlanta,1963-02-04,3.6113999999999997
Atlanta,1963-02-05,8.334
Atlanta,1963-02-06,11.3898
Atlanta,1963-02-07,10.8342
Atlanta,1963-02-08,6.667199999999999
Atlanta,1963-02-09,3.8891999999999998
Atlanta,1963-02-10,5.8338
Atlanta,1963-02-11,5.8338
Atlanta,1963-02-12,-2.2224
Atlanta,1963-02-13,0.2778
Atlanta,1963-02-14,5.0004
Atlanta,1963-02-15,-0.8333999999999999
Atlanta,1963-02-16,0.2778
Atlanta,1963-02-17,1.6667999999999998
Atlanta,1963-02-18,4.7226
Atlanta,1963-02-19,3.0558
Atlanta,1963-02-20,7.222799999999999
Atlanta,1963-02-21,1.1112
Atlanta,1963-02-22,-5.556
Atlanta,1963-02-23,1.389
Atlanta,1963-02-24,5.556
Atlanta,1963-02-25,7.7783999999999995
Atlanta,1963-02-26,1.6667999999999998
Atlanta,1963-02-27,-0.8333999999999999
Atlanta,1963-02-28,7.5005999999999995
Atlanta,1963-03-01,11.112
Atlanta,1963-03-02,9.167399999999999
Atlanta,1963-03-03,10.8342
Atlanta,1963-03-04,11.6676
Atlanta,1963-03-05,17.2236
Atlanta,1963-03-06,8.0562
Atlanta,1963-03-07,7.7783999999999995
Atlanta,1963-03-08,9.4452
Atlanta,1963-03-09,9.4452
Atlanta,1963-03-10,11.112
Atlanta,1963-03-11,13.889999999999999
Atlanta,1963-03-12,18.334799999999998
Atlanta,1963-03-13,18.8904
Atlanta,1963-03-14,13.889999999999999
Atlanta,1963-03-15,10.278599999999999
Atlanta,1963-03-16,12.501
Atlanta,1963-03-17,19.445999999999998
Atlanta,1963-03-18,18.8904
Atlanta,1963-03-19,21.3906
Atlanta,1963-03-20,14.7234
Atlanta,1963-03-21,6.944999999999999
Atlanta,1963-03-22,6.944999999999999
Atlanta,1963-03-23,9.167399999999999
Atlanta,1963-03-24,13.0566
Atlanta,1963-03-25,15.001199999999999
Atlanta,1963-03-26,16.3902
Atlanta,1963-03-27,13.889999999999999
Atlanta,1963-03-28,16.3902
Atlanta,1963-03-29,17.2236
Atlanta,1963-03-30,17.7792
Atlanta,1963-03-31,19.1682
Atlanta,1963-04-01,18.334799999999998
Atlanta,1963-04-02,18.8904
Atlanta,1963-04-03,20.835
Atlanta,1963-04-04,18.334799999999998
Atlanta,1963-04-05,15.279
Atlanta,1963-04-06,10.5564
Atlanta,1963-04-07,13.889999999999999
Atlanta,1963-04-08,16.1124
Atlanta,1963-04-09,16.1124
Atlanta,1963-04-10,18.334799999999998
Atlanta,1963-04-11,20.0016
Atlanta,1963-04-12,18.057
Atlanta,1963-04-13,14.1678
Atlanta,1963-04-14,11.112
Atlanta,1963-04-15,12.2232
Atlanta,1963-04-16,16.3902
Atlanta,1963-04-17,19.7238
Atlanta,1963-04-18,21.1128
Atlanta,1963-04-19,20.557199999999998
Atlanta,1963-04-20,20.0016
Atlanta,1963-04-21,21.6684
Atlanta,1963-04-22,22.7796
Atlanta,1963-04-23,20.2794
Atlanta,1963-04-24,14.1678
Atlanta,1963-04-25,12.501
Atlanta,1963-04-26,16.9458
Atlanta,1963-04-27,15.556799999999999
Atlanta,1963-04-28,15.8346
Atlanta,1963-04-29,17.7792
Atlanta,1963-04-30,16.9458
Atlanta,1963-05-01,11.6676
Atlanta,1963-05-02,13.334399999999999
Atlanta,1963-05-03,15.279
Atlanta,1963-05-04,18.057
Atlanta,1963-05-05,20.557199999999998
Atlanta,1963-05-06,22.7796
Atlanta,1963-05-07,21.6684
Atlanta,1963-05-08,22.5018
Atlanta,1963-05-09,24.4464
Atlanta,1963-05-10,23.8908
Atlanta,1963-05-11,26.391
Atlanta,1963-05-12,18.6126
Atlanta,1963-05-13,15.001199999999999
Atlanta,1963-05-14,20.557199999999998
Atlanta,1963-05-15,23.8908
Atlanta,1963-05-16,24.7242
Atlanta,1963-05-17,23.8908
Atlanta,1963-05-18,21.9462
Atlanta,1963-05-19,20.2794
Atlanta,1963-05-20,21.1128
Atlanta,1963-05-21,22.7796
Atlanta,1963-05-22,21.3906
Atlanta,1963-05-23,16.668
Atlanta,1963-05-24,16.668
Atlanta,1963-05-25,18.334799999999998
Atlanta,1963-05-26,16.1124
Atlanta,1963-05-27,21.9462
Atlanta,1963-05-28,21.6684
Atlanta,1963-05-29,22.7796
Atlanta,1963-05-30,21.9462
Atlanta,1963-05-31,22.7796
Atlanta,1963-06-01,20.2794
Atlanta,1963-06-02,21.1128
Atlanta,1963-06-03,21.9462
Atlanta,1963-06-04,22.5018
Atlanta,1963-06-05,22.7796
Atlanta,1963-06-06,25.002
Atlanta,1963-06-07,26.1132
Atlanta,1963-06-08,27.2244
Atlanta,1963-06-09,26.391
Atlanta,1963-06-10,27.5022
Atlanta,1963-06-11,27.2244
Atlanta,1963-06-12,25.279799999999998
Atlanta,1963-06-13,25.279799999999998
Atlanta,1963-06-14,28.6134
Atlanta,1963-06-15,25.5576
Atlanta,1963-06-16,22.7796
Atlanta,1963-06-17,22.5018
Atlanta,1963-06-18,19.7238
Atlanta,1963-06-19,21.6684
Atlanta,1963-06-20,23.613
Atlanta,1963-06-21,23.8908
Atlanta,1963-06-22,20.2794
Atlanta,1963-06-23,19.445999999999998
Atlanta,1963-06-24,21.3906
Atlanta,1963-06-25,19.7238
Atlanta,1963-06-26,21.6684
Atlanta,1963-06-27,23.613
Atlanta,1963-06-28,23.3352
Atlanta,1963-06-29,24.168599999999998
Atlanta,1963-06-30,24.4464
Atlanta,1963-07-01,25.5576
Atlanta,1963-07-02,25.002
Atlanta,1963-07-03,25.002
Atlanta,1963-07-04,23.8908
Atlanta,1963-07-05,25.002
Atlanta,1963-07-06,25.8354
Atlanta,1963-07-07,25.279799999999998
Atlanta,1963-07-08,24.7242
Atlanta,1963-07-09,23.3352
Atlanta,1963-07-10,21.3906
Atlanta,1963-07-11,21.3906
Atlanta,1963-07-12,21.9462
Atlanta,1963-07-13,22.224
Atlanta,1963-07-14,23.8908
Atlanta,1963-07-15,25.002
Atlanta,1963-07-16,25.279799999999998
Atlanta,1963-07-17,25.279799999999998
Atlanta,1963-07-18,24.168599999999998
Atlanta,1963-07-19,25.8354
Atlanta,1963-07-20,25.8354
Atlanta,1963-07-21,24.4464
Atlanta,1963-07-22,23.8908
Atlanta,1963-07-23,25.002
Atlanta,1963-07-24,20.557199999999998
Atlanta,1963-07-25,23.3352
Atlanta,1963-07-26,25.5576
Atlanta,1963-07-27,25.279799999999998
Atlanta,1963-07-28,25.5576
Atlanta,1963-07-29,24.168599999999998
Atlanta,1963-07-30,25.5576
Atlanta,1963-07-31,25.279799999999998
Atlanta,1963-08-01,26.1132
Atlanta,1963-08-02,26.391
Atlanta,1963-08-03,26.1132
Atlanta,1963-08-04,26.668799999999997
Atlanta,1963-08-05,26.9466
Atlanta,1963-08-06,27.5022
Atlanta,1963-08-07,28.0578
Atlanta,1963-08-08,26.9466
Atlanta,1963-08-09,25.8354
Atlanta,1963-08-10,24.7242
Atlanta,1963-08-11,25.8354
Atlanta,1963-08-12,25.5576
Atlanta,1963-08-13,26.9466
Atlanta,1963-08-14,22.5018
Atlanta,1963-08-15,22.7796
Atlanta,1963-08-16,23.8908
Atlanta,1963-08-17,24.168599999999998
Atlanta,1963-08-18,25.002
Atlanta,1963-08-19,26.1132
Atlanta,1963-08-20,24.7242
Atlanta,1963-08-21,23.613
Atlanta,1963-08-22,24.7242
Atlanta,1963-08-23,25.8354
Atlanta,1963-08-24,26.1132
Atlanta,1963-08-25,26.1132
Atlanta,1963-08-26,25.8354
Atlanta,1963-08-27,20.835
Atlanta,1963-08-28,25.002
Atlanta,1963-08-29,24.168599999999998
Atlanta,1963-08-30,25.279799999999998
Atlanta,1963-08-31,25.279799999999998
Atlanta,1963-09-01,24.168599999999998
Atlanta,1963-09-02,23.8908
Atlanta,1963-09-03,24.7242
Atlanta,1963-09-04,25.8354
Atlanta,1963-09-05,25.002
Atlanta,1963-09-06,23.3352
Atlanta,1963-09-07,22.5018
Atlanta,1963-09-08,22.224
Atlanta,1963-09-09,23.3352
Atlanta,1963-09-10,24.168599999999998
Atlanta,1963-09-11,25.279799999999998
Atlanta,1963-09-12,26.1132
Atlanta,1963-09-13,24.7242
Atlanta,1963-09-14,18.8904
Atlanta,1963-09-15,16.3902
Atlanta,1963-09-16,20.0016
Atlanta,1963-09-17,21.1128
Atlanta,1963-09-18,21.3906
Atlanta,1963-09-19,21.1128
Atlanta,1963-09-20,22.5018
Atlanta,1963-09-21,24.168599999999998
Atlanta,1963-09-22,22.5018
Atlanta,1963-09-23,15.556799999999999
Atlanta,1963-09-24,14.445599999999999
Atlanta,1963-09-25,17.7792
Atlanta,1963-09-26,22.224
Atlanta,1963-09-27,19.445999999999998
Atlanta,1963-09-28,16.3902
Atlanta,1963-09-29,20.2794
Atlanta,1963-09-30,18.8904
Atlanta,1963-10-01,17.7792
Atlanta,1963-10-02,18.6126
Atlanta,1963-10-03,21.6684
Atlanta,1963-10-04,21.6684
Atlanta,1963-10-05,18.334799999999998
Atlanta,1963-10-06,16.9458
Atlanta,1963-10-07,17.2236
Atlanta,1963-10-08,18.334799999999998
Atlanta,1963-10-09,18.8904
Atlanta,1963-10-10,16.668
Atlanta,1963-10-11,16.3902
Atlanta,1963-10-12,21.1128
Atlanta,1963-10-13,18.057
Atlanta,1963-10-14,16.9458
Atlanta,1963-10-15,16.668
Atlanta,1963-10-16,17.2236
Atlanta,1963-10-17,18.334799999999998
Atlanta,1963-10-18,18.6126
Atlanta,1963-10-19,19.445999999999998
Atlanta,1963-10-20,19.1682
Atlanta,1963-10-21,22.224
Atlanta,1963-10-22,20.557199999999998
Atlanta,1963-10-23,19.1682
Atlanta,1963-10-24,20.0016
Atlanta,1963-10-25,21.9462
Atlanta,1963-10-26,21.3906
Atlanta,1963-10-27,21.6684
Atlanta,1963-10-28,20.2794
Atlanta,1963-10-29,10.278599999999999
Atlanta,1963-10-30,10.8342
Atlanta,1963-10-31,12.501
Atlanta,1963-11-01,11.9454
Atlanta,1963-11-02,6.667199999999999
Atlanta,1963-11-03,6.3894
Atlanta,1963-11-04,10.0008
Atlanta,1963-11-05,15.279
Atlanta,1963-11-06,15.8346
Atlanta,1963-11-07,13.889999999999999
Atlanta,1963-11-08,13.0566
Atlanta,1963-11-09,9.722999999999999
Atlanta,1963-11-10,16.1124
Atlanta,1963-11-11,13.889999999999999
Atlanta,1963-11-12,8.6118
Atlanta,1963-11-13,4.4448
Atlanta,1963-11-14,3.6113999999999997
Atlanta,1963-11-15,4.7226
Atlanta,1963-11-16,7.7783999999999995
Atlanta,1963-11-17,11.112
Atlanta,1963-11-18,13.6122
Atlanta,1963-11-19,15.556799999999999
Atlanta,1963-11-20,14.1678
Atlanta,1963-11-21,16.668
Atlanta,1963-11-22,17.7792
Atlanta,1963-11-23,11.6676
Atlanta,1963-11-24,8.8896
Atlanta,1963-11-25,8.8896
Atlanta,1963-11-26,7.7783999999999995
Atlanta,1963-11-27,10.5564
Atlanta,1963-11-28,14.445599999999999
Atlanta,1963-11-29,8.0562
Atlanta,1963-11-30,4.167
Atlanta,1963-12-01,1.6667999999999998
Atlanta,1963-12-02,5.8338
Atlanta,1963-12-03,4.167
Atlanta,1963-12-04,4.7226
Atlanta,1963-12-05,3.0558
Atlanta,1963-12-06,3.8891999999999998
Atlanta,1963-12-07,7.5005999999999995
Atlanta,1963-12-08,4.7226
Atlanta,1963-12-09,3.3335999999999997
Atlanta,1963-12-10,3.8891999999999998
Atlanta,1963-12-11,4.167
Atlanta,1963-12-12,7.222799999999999
Atlanta,1963-12-13,5.8338
Atlanta,1963-12-14,-0.5556
Atlanta,1963-12-15,-3.8891999999999998
Atlanta,1963-12-16,-3.3335999999999997
Atlanta,1963-12-17,-1.6667999999999998
Atlanta,1963-12-18,-1.6667999999999998
Atlanta,1963-12-19,-4.7226
Atlanta,1963-12-20,-2.778
Atlanta,1963-12-21,-0.2778
Atlanta,1963-12-22,0.0
Atlanta,1963-12-23,-0.2778
Atlanta,1963-12-24,-3.8891999999999998
Atlanta,1963-12-25,1.389
Atlanta,1963-12-26,6.944999999999999
Atlanta,1963-12-27,5.0004
Atlanta,1963-12-28,4.167
Atlanta,1963-12-29,3.0558
Atlanta,1963-12-30,3.0558
Atlanta,1963-12-31,-0.8333999999999999
Atlanta,1964-01-01,-1.9445999999999999
Atlanta,1964-01-02,0.2778
Atlanta,1964-01-03,7.7783999999999995
Atlanta,1964-01-04,6.3894
Atlanta,1964-01-05,6.944999999999999
Atlanta,1964-01-06,8.334
Atlanta,1964-01-07,9.4452
Atlanta,1964-01-08,7.5005999999999995
Atlanta,1964-01-09,7.5005999999999995
Atlanta,1964-01-10,0.5556
Atlanta,1964-01-11,0.8333999999999999
Atlanta,1964-01-12,1.6667999999999998
Atlanta,1964-01-13,-4.167
Atlanta,1964-01-14,-4.4448
Atlanta,1964-01-15,-2.2224
Atlanta,1964-01-16,-1.1112
Atlanta,1964-01-17,2.2224
Atlanta,1964-01-18,6.3894
Atlanta,1964-01-19,7.7783999999999995
Atlanta,1964-01-20,6.1116
Atlanta,1964-01-21,6.944999999999999
Atlanta,1964-01-22,9.722999999999999
Atlanta,1964-01-23,13.6122
Atlanta,1964-01-24,12.501
Atlanta,1964-01-25,10.0008
Atlanta,1964-01-26,8.334
Atlanta,1964-01-27,7.7783999999999995
Atlanta,1964-01-28,2.5002
Atlanta,1964-01-29,2.2224
Atlanta,1964-01-30,5.0004
Atlanta,1964-01-31,7.222799999999999
Atlanta,1964-02-01,7.222799999999999
Atlanta,1964-02-02,6.1116
Atlanta,1964-02-03,7.222799999999999
Atlanta,1964-02-04,7.5005999999999995
Atlanta,1964-02-05,6.1116
Atlanta,1964-02-06,6.667199999999999
Atlanta,1964-02-07,6.1116
Atlanta,1964-02-08,1.9445999999999999
Atlanta,1964-02-09,5.556
Atlanta,1964-02-10,7.7783999999999995
Atlanta,1964-02-11,3.3335999999999997
Atlanta,1964-02-12,1.6667999999999998
Atlanta,1964-02-13,6.1116
Atlanta,1964-02-14,5.556
Atlanta,1964-02-15,5.556
Atlanta,1964-02-16,3.0558
Atlanta,1964-02-17,4.4448
Atlanta,1964-02-18,7.222799999999999
Atlanta,1964-02-19,4.7226
Atlanta,1964-02-20,2.5002
Atlanta,1964-02-21,0.2778
Atlanta,1964-02-22,0.5556
Atlanta,1964-02-23,0.5556
Atlanta,1964-02-24,5.0004
Atlanta,1964-02-25,3.0558
Atlanta,1964-02-26,4.7226
Atlanta,1964-02-27,5.2782
Atlanta,1964-02-28,3.6113999999999997
Atlanta,1964-02-29,3.3335999999999997
Atlanta,1964-03-01,6.1116
Atlanta,1964-03-02,8.334
Atlanta,1964-03-03,16.3902
Atlanta,1964-03-04,20.0016
Atlanta,1964-03-05,8.334
Atlanta,1964-03-06,8.6118
Atlanta,1964-03-07,11.9454
Atlanta,1964-03-08,16.1124
Atlanta,1964-03-09,17.5014
Atlanta,1964-03-10,10.278599999999999
Atlanta,1964-03-11,8.334
Atlanta,1964-03-12,11.3898
Atlanta,1964-03-13,11.3898
Atlanta,1964-03-14,14.445599999999999
Atlanta,1964-03-15,11.3898
Atlanta,1964-03-16,10.278599999999999
Atlanta,1964-03-17,12.2232
Atlanta,1964-03-18,11.112
Atlanta,1964-03-19,8.0562
Atlanta,1964-03-20,6.944999999999999
Atlanta,1964-03-21,5.0004
Atlanta,1964-03-22,8.0562
Atlanta,1964-03-23,10.8342
Atlanta,1964-03-24,12.2232
Atlanta,1964-03-25,15.556799999999999
Atlanta,1964-03-26,11.112
Atlanta,1964-03-27,8.334
Atlanta,1964-03-28,12.2232
Atlanta,1964-03-29,9.722999999999999
Atlanta,1964-03-30,1.6667999999999998
Atlanta,1964-03-31,7.222799999999999
Atlanta,1964-04-01,11.6676
Atlanta,1964-04-02,14.1678
Atlanta,1964-04-03,14.1678
Atlanta,1964-04-04,14.7234
Atlanta,1964-04-05,6.944999999999999
Atlanta,1964-04-06,11.112
Atlanta,1964-04-07,19.7238
Atlanta,1964-04-08,12.2232
Atlanta,1964-04-09,7.7783999999999995
Atlanta,1964-04-10,10.278599999999999
Atlanta,1964-04-11,15.001199999999999
Atlanta,1964-04-12,15.001199999999999
Atlanta,1964-04-13,16.668
Atlanta,1964-04-14,15.001199999999999
Atlanta,1964-04-15,16.1124
Atlanta,1964-04-16,16.1124
Atlanta,1964-04-17,17.5014
Atlanta,1964-04-18,19.1682
Atlanta,1964-04-19,20.557199999999998
Atlanta,1964-04-20,21.1128
Atlanta,1964-04-21,20.557199999999998
Atlanta,1964-04-22,20.0016
Atlanta,1964-04-23,21.6684
Atlanta,1964-04-24,20.557199999999998
Atlanta,1964-04-25,17.7792
Atlanta,1964-04-26,11.3898
Atlanta,1964-04-27,16.3902
Atlanta,1964-04-28,18.8904
Atlanta,1964-04-29,18.057
Atlanta,1964-04-30,15.556799999999999
Atlanta,1964-05-01,17.7792
Atlanta,1964-05-02,13.6122
Atlanta,1964-05-03,16.1124
Atlanta,1964-05-04,17.7792
Atlanta,1964-05-05,18.334799999999998
Atlanta,1964-05-06,17.7792
Atlanta,1964-05-07,18.8904
Atlanta,1964-05-08,20.557199999999998
Atlanta,1964-05-09,21.6684
Atlanta,1964-05-10,20.835
Atlanta,1964-05-11,23.3352
Atlanta,1964-05-12,21.9462
Atlanta,1964-05-13,19.1682
Atlanta,1964-05-14,13.889999999999999
Atlanta,1964-05-15,16.1124
Atlanta,1964-05-16,18.334799999999998
Atlanta,1964-05-17,19.7238
Atlanta,1964-05-18,23.3352
Atlanta,1964-05-19,23.613
Atlanta,1964-05-20,24.4464
Atlanta,1964-05-21,24.4464
Atlanta,1964-05-22,23.057399999999998
Atlanta,1964-05-23,23.613
Atlanta,1964-05-24,24.168599999999998
Atlanta,1964-05-25,24.7242
Atlanta,1964-05-26,25.002
Atlanta,1964-05-27,24.4464
Atlanta,1964-05-28,25.8354
Atlanta,1964-05-29,17.2236
Atlanta,1964-05-30,16.668
Atlanta,1964-05-31,18.6126
Atlanta,1964-06-01,21.1128
Atlanta,1964-06-02,21.1128
Atlanta,1964-06-03,20.2794
Atlanta,1964-06-04,20.0016
Atlanta,1964-06-05,22.7796
Atlanta,1964-06-06,21.1128
Atlanta,1964-06-07,22.5018
Atlanta,1964-06-08,24.7242
Atlanta,1964-06-09,26.1132
Atlanta,1964-06-10,26.1132
Atlanta,1964-06-11,29.169
Atlanta,1964-06-12,27.2244
Atlanta,1964-06-13,26.9466
Atlanta,1964-06-14,27.5022
Atlanta,1964-06-15,26.9466
Atlanta,1964-06-16,26.9466
Atlanta,1964-06-17,26.391
Atlanta,1964-06-18,27.2244
Atlanta,1964-06-19,27.5022
Atlanta,1964-06-20,28.891199999999998
Atlanta,1964-06-21,28.891199999999998
Atlanta,1964-06-22,29.7246
Atlanta,1964-06-23,27.2244
Atlanta,1964-06-24,25.8354
Atlanta,1964-06-25,25.279799999999998
Atlanta,1964-06-26,25.279799999999998
Atlanta,1964-06-27,24.7242
Atlanta,1964-06-28,25.5576
Atlanta,1964-06-29,25.5576
Atlanta,1964-06-30,23.8908
Atlanta,1964-07-01,22.224
Atlanta,1964-07-02,25.279799999999998
Atlanta,1964-07-03,25.5576
Atlanta,1964-07-04,25.279799999999998
Atlanta,1964-07-05,24.4464
Atlanta,1964-07-06,23.8908
Atlanta,1964-07-07,24.7242
Atlanta,1964-07-08,24.168599999999998
Atlanta,1964-07-09,25.279799999999998
Atlanta,1964-07-10,23.057399999999998
Atlanta,1964-07-11,23.3352
Atlanta,1964-07-12,23.3352
Atlanta,1964-07-13,23.613
Atlanta,1964-07-14,23.3352
Atlanta,1964-07-15,24.4464
Atlanta,1964-07-16,24.7242
Atlanta,1964-07-17,24.7242
Atlanta,1964-07-18,23.057399999999998
Atlanta,1964-07-19,24.4464
Atlanta,1964-07-20,24.7242
Atlanta,1964-07-21,25.002
Atlanta,1964-07-22,26.1132
Atlanta,1964-07-23,25.5576
Atlanta,1964-07-24,26.1132
Atlanta,1964-07-25,24.7242
Atlanta,1964-07-26,25.002
Atlanta,1964-07-27,25.279799999999998
Atlanta,1964-07-28,26.391
Atlanta,1964-07-29,26.668799999999997
Atlanta,1964-07-30,25.279799999999998
Atlanta,1964-07-31,25.8354
Atlanta,1964-08-01,25.8354
Atlanta,1964-08-02,26.1132
Atlanta,1964-08-03,26.9466
Atlanta,1964-08-04,26.9466
Atlanta,1964-08-05,23.057399999999998
Atlanta,1964-08-06,25.002
Atlanta,1964-08-07,24.7242
Atlanta,1964-08-08,25.8354
Atlanta,1964-08-09,25.279799999999998
Atlanta,1964-08-10,25.5576
Atlanta,1964-08-11,24.4464
Atlanta,1964-08-12,23.3352
Atlanta,1964-08-13,19.445999999999998
Atlanta,1964-08-14,20.835
Atlanta,1964-08-15,19.7238
Atlanta,1964-08-16,21.1128
Atlanta,1964-08-17,23.057399999999998
Atlanta,1964-08-18,23.057399999999998
Atlanta,1964-08-19,24.4464
Atlanta,1964-08-20,24.168599999999998
Atlanta,1964-08-21,24.4464
Atlanta,1964-08-22,25.279799999999998
Atlanta,1964-08-23,25.5576
Atlanta,1964-08-24,25.8354
Atlanta,1964-08-25,23.057399999999998
Atlanta,1964-08-26,25.002
Atlanta,1964-08-27,25.5576
Atlanta,1964-08-28,25.002
Atlanta,1964-08-29,25.5576
Atlanta,1964-08-30,25.5576
Atlanta,1964-08-31,26.9466
Atlanta,1964-09-01,26.1132
Atlanta,1964-09-02,24.168599999999998
Atlanta,1964-09-03,23.613
Atlanta,1964-09-04,23.3352
Atlanta,1964-09-05,24.4464
Atlanta,1964-09-06,24.7242
Atlanta,1964-09-07,23.613
Atlanta,1964-09-08,23.3352
Atlanta,1964-09-09,24.168599999999998
Atlanta,1964-09-10,25.8354
Atlanta,1964-09-11,24.168599999999998
Atlanta,1964-09-12,21.3906
Atlanta,1964-09-13,19.1682
Atlanta,1964-09-14,19.7238
Atlanta,1964-09-15,20.835
Atlanta,1964-09-16,21.1128
Atlanta,1964-09-17,20.0016
Atlanta,1964-09-18,21.3906
Atlanta,1964-09-19,22.224
Atlanta,1964-09-20,23.613
Atlanta,1964-09-21,21.9462
Atlanta,1964-09-22,22.7796
Atlanta,1964-09-23,25.002
Atlanta,1964-09-24,20.0016
Atlanta,1964-09-25,17.2236
Atlanta,1964-09-26,18.6126
Atlanta,1964-09-27,22.7796
Atlanta,1964-09-28,24.7242
Atlanta,1964-09-29,23.8908
Atlanta,1964-09-30,23.057399999999998
Atlanta,1964-10-01,20.0016
Atlanta,1964-10-02,19.1682
Atlanta,1964-10-03,22.5018
Atlanta,1964-10-04,19.7238
Atlanta,1964-10-05,14.1678
Atlanta,1964-10-06,11.112
Atlanta,1964-10-07,11.3898
Atlanta,1964-10-08,11.9454
Atlanta,1964-10-09,14.1678
Atlanta,1964-10-10,11.6676
Atlanta,1964-10-11,11.9454
Atlanta,1964-10-12,13.889999999999999
Atlanta,1964-10-13,16.9458
Atlanta,1964-10-14,14.7234
Atlanta,1964-10-15,13.0566
Atlanta,1964-10-16,13.334399999999999
Atlanta,1964-10-17,17.2236
Atlanta,1964-10-18,19.1682
Atlanta,1964-10-19,11.6676
Atlanta,1964-10-20,7.7783999999999995
Atlanta,1964-10-21,11.112
Atlanta,1964-10-22,15.8346
Atlanta,1964-10-23,13.889999999999999
Atlanta,1964-10-24,11.9454
Atlanta,1964-10-25,12.501
Atlanta,1964-10-26,13.0566
Atlanta,1964-10-27,16.1124
Atlanta,1964-10-28,18.334799999999998
Atlanta,1964-10-29,17.5014
Atlanta,1964-10-30,18.334799999999998
Atlanta,1964-10-31,17.7792
Atlanta,1964-11-01,14.445599999999999
Atlanta,1964-11-02,15.556799999999999
Atlanta,1964-11-03,17.2236
Atlanta,1964-11-04,16.1124
Atlanta,1964-11-05,16.1124
Atlanta,1964-11-06,15.8346
Atlanta,1964-11-07,15.279
Atlanta,1964-11-08,13.889999999999999
Atlanta,1964-11-09,14.1678
Atlanta,1964-11-10,16.1124
Atlanta,1964-11-11,14.7234
Atlanta,1964-11-12,16.9458
Atlanta,1964-11-13,19.1682
Atlanta,1964-11-14,17.5014
Atlanta,1964-11-15,17.5014
Atlanta,1964-11-16,17.7792
Atlanta,1964-11-17,20.2794
Atlanta,1964-11-18,20.2794
Atlanta,1964-11-19,19.1682
Atlanta,1964-11-20,9.4452
Atlanta,1964-11-21,3.6113999999999997
Atlanta,1964-11-22,1.6667999999999998
Atlanta,1964-11-23,2.778
Atlanta,1964-11-24,5.2782
Atlanta,1964-11-25,9.167399999999999
Atlanta,1964-11-26,9.167399999999999
Atlanta,1964-11-27,12.2232
Atlanta,1964-11-28,10.5564
Atlanta,1964-11-29,10.0008
Atlanta,1964-11-30,0.5556
Atlanta,1964-12-01,-1.1112
Atlanta,1964-12-02,3.8891999999999998
Atlanta,1964-12-03,11.6676
Atlanta,1964-12-04,15.556799999999999
Atlanta,1964-12-05,6.667199999999999
Atlanta,1964-12-06,0.5556
Atlanta,1964-12-07,1.9445999999999999
Atlanta,1964-12-08,3.8891999999999998
Atlanta,1964-12-09,6.944999999999999
Atlanta,1964-12-10,9.4452
Atlanta,1964-12-11,12.501
Atlanta,1964-12-12,13.889999999999999
Atlanta,1964-12-13,11.9454
Atlanta,1964-12-14,4.167
Atlanta,1964-12-15,3.8891999999999998
Atlanta,1964-12-16,3.8891999999999998
Atlanta,1964-12-17,10.278599999999999
Atlanta,1964-12-18,4.7226
Atlanta,1964-12-19,-0.8333999999999999
Atlanta,1964-12-20,2.5002
Atlanta,1964-12-21,3.8891999999999998
Atlanta,1964-12-22,7.222799999999999
Atlanta,1964-12-23,12.7788
Atlanta,1964-12-24,18.057
Atlanta,1964-12-25,16.668
Atlanta,1964-12-26,17.5014
Atlanta,1964-12-27,8.8896
Atlanta,1964-12-28,7.7783999999999995
Atlanta,1964-12-29,4.7226
Atlanta,1964-12-30,10.8342
Atlanta,1964-12-31,14.7234
Atlanta,1965-01-01,12.2232
Atlanta,1965-01-02,11.6676
Atlanta,1965-01-03,6.944999999999999
Atlanta,1965-01-04,5.0004
Atlanta,1965-01-05,7.7783999999999995
Atlanta,1965-01-06,11.3898
Atlanta,1965-01-07,11.3898
Atlanta,1965-01-08,12.501
Atlanta,1965-01-09,15.8346
Atlanta,1965-01-10,8.8896
Atlanta,1965-01-11,3.0558
Atlanta,1965-01-12,3.8891999999999998
Atlanta,1965-01-13,7.5005999999999995
Atlanta,1965-01-14,4.4448
Atlanta,1965-01-15,1.9445999999999999
Atlanta,1965-01-16,-3.8891999999999998
Atlanta,1965-01-17,-7.5005999999999995
Atlanta,1965-01-18,-1.6667999999999998
Atlanta,1965-01-19,0.5556
Atlanta,1965-01-20,6.1116
Atlanta,1965-01-21,10.0008
Atlanta,1965-01-22,11.6676
Atlanta,1965-01-23,11.9454
Atlanta,1965-01-24,8.6118
Atlanta,1965-01-25,7.222799999999999
Atlanta,1965-01-26,12.7788
Atlanta,1965-01-27,2.778
Atlanta,1965-01-28,4.4448
Atlanta,1965-01-29,8.0562
Atlanta,1965-01-30,3.6113999999999997
Atlanta,1965-01-31,-6.3894
Atlanta,1965-02-01,3.0558
Atlanta,1965-02-02,-3.3335999999999997
Atlanta,1965-02-03,-1.9445999999999999
Atlanta,1965-02-04,1.1112
Atlanta,1965-02-05,2.778
Atlanta,1965-02-06,6.944999999999999
Atlanta,1965-02-07,14.1678
Atlanta,1965-02-08,14.1678
Atlanta,1965-02-09,17.5014
Atlanta,1965-02-10,18.057
Atlanta,1965-02-11,16.9458
Atlanta,1965-02-12,12.2232
Atlanta,1965-02-13,4.4448
Atlanta,1965-02-14,1.1112
Atlanta,1965-02-15,0.5556
Atlanta,1965-02-16,2.778
Atlanta,1965-02-17,6.1116
Atlanta,1965-02-18,9.4452
Atlanta,1965-02-19,10.278599999999999
Atlanta,1965-02-20,5.2782
Atlanta,1965-02-21,9.167399999999999
Atlanta,1965-02-22,0.0
Atlanta,1965-02-23,5.2782
Atlanta,1965-02-24,6.667199999999999
Atlanta,1965-02-25,0.0
Atlanta,1965-02-26,1.389
Atlanta,1965-02-27,8.8896
Atlanta,1965-02-28,10.8342
Atlanta,1965-03-01,12.2232
Atlanta,1965-03-02,13.6122
Atlanta,1965-03-03,10.0008
Atlanta,1965-03-04,3.8891999999999998
Atlanta,1965-03-05,-1.389
Atlanta,1965-03-06,-0.5556
Atlanta,1965-03-07,3.0558
Atlanta,1965-03-08,2.5002
Atlanta,1965-03-09,7.222799999999999
Atlanta,1965-03-10,5.556
Atlanta,1965-03-11,6.3894
Atlanta,1965-03-12,5.556
Atlanta,1965-03-13,6.1116
Atlanta,1965-03-14,10.0008
Atlanta,1965-03-15,12.2232
Atlanta,1965-03-16,13.889999999999999
Atlanta,1965-03-17,18.334799999999998
Atlanta,1965-03-18,15.001199999999999
Atlanta,1965-03-19,6.1116
Atlanta,1965-03-20,1.389
Atlanta,1965-03-21,1.1112
Atlanta,1965-03-22,6.1116
Atlanta,1965-03-23,12.2232
Atlanta,1965-03-24,16.9458
Atlanta,1965-03-25,18.8904
Atlanta,1965-03-26,13.889999999999999
Atlanta,1965-03-27,11.6676
Atlanta,1965-03-28,16.9458
Atlanta,1965-03-29,16.1124
Atlanta,1965-03-30,15.556799999999999
Atlanta,1965-03-31,8.0562
Atlanta,1965-04-01,6.944999999999999
Atlanta,1965-04-02,13.334399999999999
Atlanta,1965-04-03,10.5564
Atlanta,1965-04-04,13.0566
Atlanta,1965-04-05,16.3902
Atlanta,1965-04-06,21.3906
Atlanta,1965-04-07,19.445999999999998
Atlanta,1965-04-08,19.1682
Atlanta,1965-04-09,23.8908
Atlanta,1965-04-10,19.445999999999998
Atlanta,1965-04-11,21.1128
Atlanta,1965-04-12,21.6684
Atlanta,1965-04-13,16.668
Atlanta,1965-04-14,15.001199999999999
Atlanta,1965-04-15,17.2236
Atlanta,1965-04-16,14.7234
Atlanta,1965-04-17,14.7234
Atlanta,1965-04-18,17.7792
Atlanta,1965-04-19,19.445999999999998
Atlanta,1965-04-20,17.5014
Atlanta,1965-04-21,15.8346
Atlanta,1965-04-22,20.835
Atlanta,1965-04-23,21.9462
Atlanta,1965-04-24,23.3352
Atlanta,1965-04-25,20.2794
Atlanta,1965-04-26,21.6684
Atlanta,1965-04-27,18.057
Atlanta,1965-04-28,13.889999999999999
Atlanta,1965-04-29,11.9454
Atlanta,1965-04-30,14.445599999999999
Atlanta,1965-05-01,18.6126
Atlanta,1965-05-02,18.6126
Atlanta,1965-05-03,20.2794
Atlanta,1965-05-04,19.7238
Atlanta,1965-05-05,19.7238
Atlanta,1965-05-06,21.3906
Atlanta,1965-05-07,22.5018
Atlanta,1965-05-08,22.7796
Atlanta,1965-05-09,23.3352
Atlanta,1965-05-10,22.7796
Atlanta,1965-05-11,23.057399999999998
Atlanta,1965-05-12,21.3906
Atlanta,1965-05-13,18.8904
Atlanta,1965-05-14,20.835
Atlanta,1965-05-15,20.557199999999998
Atlanta,1965-05-16,21.6684
Atlanta,1965-05-17,22.5018
Atlanta,1965-05-18,23.057399999999998
Atlanta,1965-05-19,25.8354
Atlanta,1965-05-20,24.4464
Atlanta,1965-05-21,22.5018
Atlanta,1965-05-22,22.5018
Atlanta,1965-05-23,23.613
Atlanta,1965-05-24,25.5576
Atlanta,1965-05-25,25.279799999999998
Atlanta,1965-05-26,24.7242
Atlanta,1965-05-27,23.3352
Atlanta,1965-05-28,23.613
Atlanta,1965-05-29,21.6684
Atlanta,1965-05-30,18.8904
Atlanta,1965-05-31,21.6684
Atlanta,1965-06-01,22.224
Atlanta,1965-06-02,23.3352
Atlanta,1965-06-03,22.7796
Atlanta,1965-06-04,20.557199999999998
Atlanta,1965-06-05,20.0016
Atlanta,1965-06-06,22.224
Atlanta,1965-06-07,21.1128
Atlanta,1965-06-08,21.3906
Atlanta,1965-06-09,23.3352
Atlanta,1965-06-10,23.8908
Atlanta,1965-06-11,21.3906
Atlanta,1965-06-12,24.168599999999998
Atlanta,1965-06-13,24.168599999999998
Atlanta,1965-06-14,23.8908
Atlanta,1965-06-15,19.7238
Atlanta,1965-06-16,17.7792
Atlanta,1965-06-17,17.2236
Atlanta,1965-06-18,20.835
Atlanta,1965-06-19,19.1682
Atlanta,1965-06-20,20.0016
Atlanta,1965-06-21,21.3906
Atlanta,1965-06-22,22.7796
Atlanta,1965-06-23,23.613
Atlanta,1965-06-24,23.8908
Atlanta,1965-06-25,23.613
Atlanta,1965-06-26,22.7796
Atlanta,1965-06-27,20.0016
Atlanta,1965-06-28,23.8908
Atlanta,1965-06-29,24.4464
Atlanta,1965-06-30,25.5576
Atlanta,1965-07-01,25.002
Atlanta,1965-07-02,25.5576
Atlanta,1965-07-03,24.7242
Atlanta,1965-07-04,24.7242
Atlanta,1965-07-05,24.7242
Atlanta,1965-07-06,25.5576
Atlanta,1965-07-07,24.168599999999998
Atlanta,1965-07-08,23.613
Atlanta,1965-07-09,24.7242
Atlanta,1965-07-10,24.7242
Atlanta,1965-07-11,25.5576
Atlanta,1965-07-12,24.7242
Atlanta,1965-07-13,23.8908
Atlanta,1965-07-14,24.7242
Atlanta,1965-07-15,24.4464
Atlanta,1965-07-16,25.279799999999998
Atlanta,1965-07-17,24.168599999999998
Atlanta,1965-07-18,25.279799999999998
Atlanta,1965-07-19,25.002
Atlanta,1965-07-20,24.168599999999998
Atlanta,1965-07-21,24.4464
Atlanta,1965-07-22,24.4464
Atlanta,1965-07-23,24.168599999999998
Atlanta,1965-07-24,25.8354
Atlanta,1965-07-25,25.5576
Atlanta,1965-07-26,25.8354
Atlanta,1965-07-27,25.5576
Atlanta,1965-07-28,25.002
Atlanta,1965-07-29,23.8908
Atlanta,1965-07-30,24.4464
Atlanta,1965-07-31,23.613
Atlanta,1965-08-01,23.613
Atlanta,1965-08-02,23.057399999999998
Atlanta,1965-08-03,24.168599999999998
Atlanta,1965-08-04,25.8354
Atlanta,1965-08-05,24.168599999999998
Atlanta,1965-08-06,25.002
Atlanta,1965-08-07,24.7242
Atlanta,1965-08-08,24.168599999999998
Atlanta,1965-08-09,24.4464
Atlanta,1965-08-10,24.7242
Atlanta,1965-08-11,23.613
Atlanta,1965-08-12,25.002
Atlanta,1965-08-13,25.279799999999998
Atlanta,1965-08-14,26.9466
Atlanta,1965-08-15,26.9466
Atlanta,1965-08-16,27.2244
Atlanta,1965-08-17,27.779999999999998
Atlanta,1965-08-18,27.2244
Atlanta,1965-08-19,26.391
Atlanta,1965-08-20,25.279799999999998
Atlanta,1965-08-21,26.1132
Atlanta,1965-08-22,26.1132
Atlanta,1965-08-23,26.391
Atlanta,1965-08-24,25.279799999999998
Atlanta,1965-08-25,26.1132
Atlanta,1965-08-26,25.5576
Atlanta,1965-08-27,26.9466
Atlanta,1965-08-28,23.8908
Atlanta,1965-08-29,23.8908
Atlanta,1965-08-30,22.224
Atlanta,1965-08-31,22.5018
Atlanta,1965-09-01,24.168599999999998
Atlanta,1965-09-02,19.445999999999998
Atlanta,1965-09-03,18.8904
Atlanta,1965-09-04,22.5018
Atlanta,1965-09-05,23.057399999999998
Atlanta,1965-09-06,23.3352
Atlanta,1965-09-07,22.224
Atlanta,1965-09-08,22.224
Atlanta,1965-09-09,21.6684
Atlanta,1965-09-10,25.279799999999998
Atlanta,1965-09-11,25.279799999999998
Atlanta,1965-09-12,25.8354
Atlanta,1965-09-13,25.5576
Atlanta,1965-09-14,23.613
Atlanta,1965-09-15,25.279799999999998
Atlanta,1965-09-16,25.002
Atlanta,1965-09-17,24.4464
Atlanta,1965-09-18,24.168599999999998
Atlanta,1965-09-19,24.7242
Atlanta,1965-09-20,25.002
Atlanta,1965-09-21,24.7242
Atlanta,1965-09-22,24.4464
Atlanta,1965-09-23,25.002
Atlanta,1965-09-24,20.835
Atlanta,1965-09-25,16.668
Atlanta,1965-09-26,19.7238
Atlanta,1965-09-27,20.557199999999998
Atlanta,1965-09-28,18.334799999999998
Atlanta,1965-09-29,18.057
Atlanta,1965-09-30,20.2794
Atlanta,1965-10-01,24.4464
Atlanta,1965-10-02,21.1128
Atlanta,1965-10-03,18.6126
Atlanta,1965-10-04,16.3902
Atlanta,1965-10-05,15.001199999999999
Atlanta,1965-10-06,13.6122
Atlanta,1965-10-07,16.9458
Atlanta,1965-10-08,19.1682
Atlanta,1965-10-09,18.6126
Atlanta,1965-10-10,16.668
Atlanta,1965-10-11,16.668
Atlanta,1965-10-12,18.057
Atlanta,1965-10-13,18.057
Atlanta,1965-10-14,20.0016
Atlanta,1965-10-15,20.557199999999998
Atlanta,1965-10-16,20.835
Atlanta,1965-10-17,20.835
Atlanta,1965-10-18,14.7234
Atlanta,1965-10-19,15.556799999999999
Atlanta,1965-10-20,17.2236
Atlanta,1965-10-21,17.2236
Atlanta,1965-10-22,13.334399999999999
Atlanta,1965-10-23,11.3898
Atlanta,1965-10-24,8.0562
Atlanta,1965-10-25,6.3894
Atlanta,1965-10-26,9.722999999999999
Atlanta,1965-10-27,12.2232
Atlanta,1965-10-28,12.7788
Atlanta,1965-10-29,10.0008
Atlanta,1965-10-30,9.167399999999999
Atlanta,1965-10-31,13.0566
Atlanta,1965-11-01,13.0566
Atlanta,1965-11-02,12.7788
Atlanta,1965-11-03,13.334399999999999
Atlanta,1965-11-04,16.1124
Atlanta,1965-11-05,17.7792
Atlanta,1965-11-06,15.001199999999999
Atlanta,1965-11-07,16.668
Atlanta,1965-11-08,16.1124
Atlanta,1965-11-09,18.057
Atlanta,1965-11-10,13.889999999999999
Atlanta,1965-11-11,11.6676
Atlanta,1965-11-12,11.112
Atlanta,1965-11-13,12.7788
Atlanta,1965-11-14,12.501
Atlanta,1965-11-15,13.6122
Atlanta,1965-11-16,14.7234
Atlanta,1965-11-17,9.722999999999999
Atlanta,1965-11-18,6.1116
Atlanta,1965-11-19,8.8896
Atlanta,1965-11-20,10.5564
Atlanta,1965-11-21,13.6122
Atlanta,1965-11-22,12.7788
Atlanta,1965-11-23,11.112
Atlanta,1965-11-24,12.2232
Atlanta,1965-11-25,10.278599999999999
Atlanta,1965-11-26,15.279
Atlanta,1965-11-27,10.278599999999999
Atlanta,1965-11-28,8.0562
Atlanta,1965-11-29,3.8891999999999998
Atlanta,1965-11-30,0.5556
Atlanta,1965-12-01,1.6667999999999998
Atlanta,1965-12-02,5.2782
Atlanta,1965-12-03,6.1116
Atlanta,1965-12-04,6.667199999999999
Atlanta,1965-12-05,9.167399999999999
Atlanta,1965-12-06,7.7783999999999995
Atlanta,1965-12-07,2.5002
Atlanta,1965-12-08,3.8891999999999998
Atlanta,1965-12-09,8.334
Atlanta,1965-12-10,8.8896
Atlanta,1965-12-11,9.722999999999999
Atlanta,1965-12-12,13.334399999999999
Atlanta,1965-12-13,11.3898
Atlanta,1965-12-14,7.7783999999999995
Atlanta,1965-12-15,9.722999999999999
Atlanta,1965-12-16,11.112
Atlanta,1965-12-17,6.667199999999999
Atlanta,1965-12-18,3.8891999999999998
Atlanta,1965-12-19,4.167
Atlanta,1965-12-20,2.5002
Atlanta,1965-12-21,4.7226
Atlanta,1965-12-22,6.944999999999999
Atlanta,1965-12-23,8.0562
Atlanta,1965-12-24,10.8342
Atlanta,1965-12-25,7.5005999999999995
Atlanta,1965-12-26,4.167
Atlanta,1965-12-27,3.0558
Atlanta,1965-12-28,3.8891999999999998
Atlanta,1965-12-29,7.222799999999999
Atlanta,1965-12-30,10.278599999999999
Atlanta,1965-12-31,12.7788
Atlanta,1966-01-01,14.1678
Atlanta,1966-01-02,15.8346
Atlanta,1966-01-03,10.5564
Atlanta,1966-01-04,7.222799999999999
Atlanta,1966-01-05,5.0004
Atlanta,1966-01-06,8.334
Atlanta,1966-01-07,7.7783999999999995
Atlanta,1966-01-08,0.5556
Atlanta,1966-01-09,1.389
Atlanta,1966-01-10,6.944999999999999
Atlanta,1966-01-11,5.2782
Atlanta,1966-01-12,4.4448
Atlanta,1966-01-13,3.8891999999999998
Atlanta,1966-01-14,5.8338
Atlanta,1966-01-15,4.167
Atlanta,1966-01-16,4.167
Atlanta,1966-01-17,1.1112
Atlanta,1966-01-18,0.8333999999999999
Atlanta,1966-01-19,-1.1112
Atlanta,1966-01-20,0.0
Atlanta,1966-01-21,1.9445999999999999
Atlanta,1966-01-22,0.5556
Atlanta,1966-01-23,-1.1112
Atlanta,1966-01-24,-2.2224
Atlanta,1966-01-25,0.5556
Atlanta,1966-01-26,-0.8333999999999999
Atlanta,1966-01-27,-1.6667999999999998
Atlanta,1966-01-28,3.0558
Atlanta,1966-01-29,-5.556
Atlanta,1966-01-30,-14.445599999999999
Atlanta,1966-01-31,-7.222799999999999
Atlanta,1966-02-01,1.6667999999999998
Atlanta,1966-02-02,0.8333999999999999
Atlanta,1966-02-03,-1.1112
Atlanta,1966-02-04,-2.2224
Atlanta,1966-02-05,-1.6667999999999998
Atlanta,1966-02-06,2.5002
Atlanta,1966-02-07,6.3894
Atlanta,1966-02-08,10.278599999999999
Atlanta,1966-02-09,9.722999999999999
Atlanta,1966-02-10,14.1678
Atlanta,1966-02-11,13.0566
Atlanta,1966-02-12,13.334399999999999
Atlanta,1966-02-13,10.0008
Atlanta,1966-02-14,10.0008
Atlanta,1966-02-15,10.0008
Atlanta,1966-02-16,12.501
Atlanta,1966-02-17,5.8338
Atlanta,1966-02-18,4.7226
Atlanta,1966-02-19,7.222799999999999
Atlanta,1966-02-20,7.7783999999999995
Atlanta,1966-02-21,6.667199999999999
Atlanta,1966-02-22,6.1116
Atlanta,1966-02-23,2.5002
Atlanta,1966-02-24,1.6667999999999998
Atlanta,1966-02-25,5.2782
Atlanta,1966-02-26,6.667199999999999
Atlanta,1966-02-27,3.6113999999999997
Atlanta,1966-02-28,6.1116
Atlanta,1966-03-01,9.722999999999999
Atlanta,1966-03-02,10.278599999999999
Atlanta,1966-03-03,11.6676
Atlanta,1966-03-04,13.334399999999999
Atlanta,1966-03-05,3.0558
Atlanta,1966-03-06,-0.2778
Atlanta,1966-03-07,0.2778
Atlanta,1966-03-08,1.9445999999999999
Atlanta,1966-03-09,4.4448
Atlanta,1966-03-10,7.7783999999999995
Atlanta,1966-03-11,10.278599999999999
Atlanta,1966-03-12,14.1678
Atlanta,1966-03-13,16.1124
Atlanta,1966-03-14,14.1678
Atlanta,1966-03-15,15.001199999999999
Atlanta,1966-03-16,10.8342
Atlanta,1966-03-17,11.3898
Atlanta,1966-03-18,13.334399999999999
Atlanta,1966-03-19,14.7234
Atlanta,1966-03-20,14.445599999999999
Atlanta,1966-03-21,17.2236
Atlanta,1966-03-22,17.5014
Atlanta,1966-03-23,17.2236
Atlanta,1966-03-24,6.3894
Atlanta,1966-03-25,4.7226
Atlanta,1966-03-26,7.5005999999999995
Atlanta,1966-03-27,7.5005999999999995
Atlanta,1966-03-28,6.1116
Atlanta,1966-03-29,6.1116
Atlanta,1966-03-30,11.6676
Atlanta,1966-03-31,14.1678
Atlanta,1966-04-01,17.5014
Atlanta,1966-04-02,10.278599999999999
Atlanta,1966-04-03,13.334399999999999
Atlanta,1966-04-04,10.278599999999999
Atlanta,1966-04-05,7.5005999999999995
Atlanta,1966-04-06,7.7783999999999995
Atlanta,1966-04-07,13.0566
Atlanta,1966-04-08,16.668
Atlanta,1966-04-09,11.112
Atlanta,1966-04-10,8.0562
Atlanta,1966-04-11,12.2232
Atlanta,1966-04-12,16.3902
Atlanta,1966-04-13,21.6684
Atlanta,1966-04-14,13.334399999999999
Atlanta,1966-04-15,10.278599999999999
Atlanta,1966-04-16,13.889999999999999
Atlanta,1966-04-17,15.8346
Atlanta,1966-04-18,17.5014
Atlanta,1966-04-19,18.334799999999998
Atlanta,1966-04-20,19.445999999999998
Atlanta,1966-04-21,20.835
Atlanta,1966-04-22,20.557199999999998
Atlanta,1966-04-23,19.7238
Atlanta,1966-04-24,18.8904
Atlanta,1966-04-25,20.557199999999998
Atlanta,1966-04-26,21.1128
Atlanta,1966-04-27,17.2236
Atlanta,1966-04-28,20.835
Atlanta,1966-04-29,21.3906
Atlanta,1966-04-30,21.1128
Atlanta,1966-05-01,22.224
Atlanta,1966-05-02,17.5014
Atlanta,1966-05-03,17.7792
Atlanta,1966-05-04,19.1682
Atlanta,1966-05-05,19.1682
Atlanta,1966-05-06,20.2794
Atlanta,1966-05-07,22.224
Atlanta,1966-05-08,22.7796
Atlanta,1966-05-09,20.557199999999998
Atlanta,1966-05-10,13.6122
Atlanta,1966-05-11,15.001199999999999
Atlanta,1966-05-12,20.835
Atlanta,1966-05-13,18.334799999999998
Atlanta,1966-05-14,18.6126
Atlanta,1966-05-15,17.7792
Atlanta,1966-05-16,15.279
Atlanta,1966-05-17,19.1682
Atlanta,1966-05-18,19.7238
Atlanta,1966-05-19,20.0016
Atlanta,1966-05-20,21.6684
Atlanta,1966-05-21,21.6684
Atlanta,1966-05-22,22.5018
Atlanta,1966-05-23,21.3906
Atlanta,1966-05-24,19.7238
Atlanta,1966-05-25,20.2794
Atlanta,1966-05-26,20.557199999999998
Atlanta,1966-05-27,22.5018
Atlanta,1966-05-28,22.5018
Atlanta,1966-05-29,22.5018
Atlanta,1966-05-30,20.835
Atlanta,1966-05-31,15.8346
Atlanta,1966-06-01,16.1124
Atlanta,1966-06-02,17.7792
Atlanta,1966-06-03,19.7238
Atlanta,1966-06-04,20.835
Atlanta,1966-06-05,20.557199999999998
Atlanta,1966-06-06,21.6684
Atlanta,1966-06-07,23.8908
Atlanta,1966-06-08,24.4464
Atlanta,1966-06-09,22.7796
Atlanta,1966-06-10,24.7242
Atlanta,1966-06-11,21.9462
Atlanta,1966-06-12,22.224
Atlanta,1966-06-13,22.224
Atlanta,1966-06-14,23.613
Atlanta,1966-06-15,23.613
Atlanta,1966-06-16,23.613
Atlanta,1966-06-17,22.224
Atlanta,1966-06-18,21.3906
Atlanta,1966-06-19,22.224
Atlanta,1966-06-20,21.9462
Atlanta,1966-06-21,22.7796
Atlanta,1966-06-22,23.613
Atlanta,1966-06-23,22.5018
Atlanta,1966-06-24,24.4464
Atlanta,1966-06-25,26.391
Atlanta,1966-06-26,26.9466
Atlanta,1966-06-27,26.391
Atlanta,1966-06-28,26.391
Atlanta,1966-06-29,26.391
Atlanta,1966-06-30,25.5576
Atlanta,1966-07-01,22.5018
Atlanta,1966-07-02,23.613
Atlanta,1966-07-03,26.1132
Atlanta,1966-07-04,25.002
Atlanta,1966-07-05,25.002
Atlanta,1966-07-06,26.1132
Atlanta,1966-07-07,25.5576
Atlanta,1966-07-08,24.7242
Atlanta,1966-07-09,26.668799999999997
Atlanta,1966-07-10,26.9466
Atlanta,1966-07-11,27.779999999999998
Atlanta,1966-07-12,28.891199999999998
Atlanta,1966-07-13,29.169
Atlanta,1966-07-14,28.891199999999998
Atlanta,1966-07-15,27.779999999999998
Atlanta,1966-07-16,25.279799999999998
Atlanta,1966-07-17,21.9462
Atlanta,1966-07-18,25.002
Atlanta,1966-07-19,25.5576
Atlanta,1966-07-20,27.2244
Atlanta,1966-07-21,23.613
Atlanta,1966-07-22,24.168599999999998
Atlanta,1966-07-23,23.057399999999998
Atlanta,1966-07-24,23.8908
Atlanta,1966-07-25,25.002
Atlanta,1966-07-26,25.8354
Atlanta,1966-07-27,26.9466
Atlanta,1966-07-28,27.779999999999998
Atlanta,1966-07-29,28.3356
Atlanta,1966-07-30,23.613
Atlanta,1966-07-31,23.057399999999998
Atlanta,1966-08-01,24.168599999999998
Atlanta,1966-08-02,24.7242
Atlanta,1966-08-03,22.7796
Atlanta,1966-08-04,20.835
Atlanta,1966-08-05,23.613
Atlanta,1966-08-06,22.7796
Atlanta,1966-08-07,23.3352
Atlanta,1966-08-08,23.057399999999998
Atlanta,1966-08-09,24.4464
Atlanta,1966-08-10,23.057399999999998
Atlanta,1966-08-11,25.002
Atlanta,1966-08-12,23.8908
Atlanta,1966-08-13,25.279799999999998
Atlanta,1966-08-14,26.1132
Atlanta,1966-08-15,26.668799999999997
Atlanta,1966-08-16,26.668799999999997
Atlanta,1966-08-17,25.279799999999998
Atlanta,1966-08-18,25.5576
Atlanta,1966-08-19,25.002
Atlanta,1966-08-20,25.8354
Atlanta,1966-08-21,25.8354
Atlanta,1966-08-22,25.5576
Atlanta,1966-08-23,23.3352
Atlanta,1966-08-24,21.6684
Atlanta,1966-08-25,22.224
Atlanta,1966-08-26,22.224
Atlanta,1966-08-27,21.6684
Atlanta,1966-08-28,23.3352
Atlanta,1966-08-29,23.613
Atlanta,1966-08-30,23.8908
Atlanta,1966-08-31,24.7242
Atlanta,1966-09-01,24.168599999999998
Atlanta,1966-09-02,25.5576
Atlanta,1966-09-03,25.8354
Atlanta,1966-09-04,25.002
Atlanta,1966-09-05,24.7242
Atlanta,1966-09-06,23.8908
Atlanta,1966-09-07,23.613
Atlanta,1966-09-08,22.5018
Atlanta,1966-09-09,21.9462
Atlanta,1966-09-10,21.1128
Atlanta,1966-09-11,23.3352
Atlanta,1966-09-12,21.6684
Atlanta,1966-09-13,21.3906
Atlanta,1966-09-14,21.6684
Atlanta,1966-09-15,20.2794
Atlanta,1966-09-16,19.1682
Atlanta,1966-09-17,16.3902
Atlanta,1966-09-18,17.5014
Atlanta,1966-09-19,20.2794
Atlanta,1966-09-20,20.835
Atlanta,1966-09-21,18.8904
Atlanta,1966-09-22,17.5014
Atlanta,1966-09-23,19.7238
Atlanta,1966-09-24,19.1682
Atlanta,1966-09-25,19.7238
Atlanta,1966-09-26,22.224
Atlanta,1966-09-27,22.224
Atlanta,1966-09-28,20.557199999999998
Atlanta,1966-09-29,20.835
Atlanta,1966-09-30,20.2794
Atlanta,1966-10-01,15.279
Atlanta,1966-10-02,12.7788
Atlanta,1966-10-03,14.445599999999999
Atlanta,1966-10-04,18.6126
Atlanta,1966-10-05,16.9458
Atlanta,1966-10-06,14.1678
Atlanta,1966-10-07,15.279
Atlanta,1966-10-08,17.5014
Atlanta,1966-10-09,18.334799999999998
Atlanta,1966-10-10,20.2794
Atlanta,1966-10-11,14.7234
Atlanta,1966-10-12,15.001199999999999
Atlanta,1966-10-13,16.1124
Atlanta,1966-10-14,19.445999999999998
Atlanta,1966-10-15,21.6684
Atlanta,1966-10-16,17.5014
Atlanta,1966-10-17,13.889999999999999
Atlanta,1966-10-18,10.5564
Atlanta,1966-10-19,9.167399999999999
Atlanta,1966-10-20,10.278599999999999
Atlanta,1966-10-21,11.3898
Atlanta,1966-10-22,15.279
Atlanta,1966-10-23,16.668
Atlanta,1966-10-24,16.1124
Atlanta,1966-10-25,16.9458
Atlanta,1966-10-26,14.1678
Atlanta,1966-10-27,14.1678
Atlanta,1966-10-28,13.889999999999999
Atlanta,1966-10-29,15.279
Atlanta,1966-10-30,14.445599999999999
Atlanta,1966-10-31,11.9454
Atlanta,1966-11-01,14.7234
Atlanta,1966-11-02,3.8891999999999998
Atlanta,1966-11-03,1.9445999999999999
Atlanta,1966-11-04,4.167
Atlanta,1966-11-05,8.334
Atlanta,1966-11-06,13.334399999999999
Atlanta,1966-11-07,14.1678
Atlanta,1966-11-08,15.556799999999999
Atlanta,1966-11-09,15.8346
Atlanta,1966-11-10,18.057
Atlanta,1966-11-11,16.9458
Atlanta,1966-11-12,18.6126
Atlanta,1966-11-13,12.7788
Atlanta,1966-11-14,11.6676
